{"cameraMode":{"drawMode":0,"name":"Shaded","section":"Shading Mode"},"sceneLighting":true,"audioPlay":false,"sceneViewState":{"showFog":true,"showMaterialUpdate":false,"showSkybox":true,"showFlares":true,"showImageEffects":true,"showParticleSystems":true},"in2DMode":false,"pivot":{"x":-4.979916572570801,"y":12.881758689880371,"z":78.99662780761719},"rotation":{"x":-0.03446738421916962,"y":-0.046464525163173679,"z":0.0016160577069967986,"w":-0.9983973503112793},"size":63.78375244140625,"orthographic":false}