{"cameraMode":{"drawMode":0,"name":"Shaded","section":"Shading Mode"},"sceneLighting":true,"audioPlay":false,"sceneViewState":{"showFog":true,"showMaterialUpdate":false,"showSkybox":true,"showFlares":true,"showImageEffects":true,"showParticleSystems":true},"in2DMode":false,"pivot":{"x":-6.494207382202148,"y":13.121275901794434,"z":4.858151435852051},"rotation":{"x":-0.0952615812420845,"y":-0.11175769567489624,"z":0.010763048194348812,"w":-0.9891571402549744},"size":27.13776206970215,"orthographic":false}